site_name,full_name
A Drews,Adam Drews
A Mesh,Andrew Meshnick
S Meyer,Seth Meyer
P Shriwi,Pat Shriwise
J Froude,Jay Froude 
B Ever,Bill Everhart
Animal,Tom Annen
B Keren,Benjy Keren
Jdub,Joshua Wilson 
D Schlei,David Schleicher
A Brown,Andrew Brown
S Rich,Scott Richgels
B Hart,Brian Hart
M Weber,Matt Weber
C Wilen,Chris Wilen 
K Garner,Keith Garner
Buddy,David Meinecke 
D Wise,Dave Wiseman
Dirty,Dan Rowan 
P Graffy,Peter Graffy
M Swain,Mike Swain
N Thib,Nate Thibedeau
C Camp,Colin Camp 
J Spiro,Jacob Spiro
B Taitt,Brandon Tait
J Sculli,Jadon Scullion
Cooli,Thomas Coolidge
K Alex,Kelsen Alexander
B Nelson,Ben Nelson
T Debyl,Tim Debyl
KPS,Kevin Pettit-Scantling
N Volk,Nate Volkman
K Brown,Kevin Brown
Dustin Rooffener,Dustin Rooffener
Cole Jensen,Cole Jensen
Liam Shramko,Liam Shramko
Pat Niles,Pat Niles
Ben Jagt,Ben Jagt
Jon Kramer,Jon Kramer
Rasmussen Ethan,Ethan Rasmussen
Zac Merie,Zac Merie
David Shirley,David Shirley 
Gregory Arenson,Greg Arenson
Jay Drescher,Jay Drescher
Rob Johnson,Rob Johnson
Sean Newlin,Sean Newlin
Jacob Lien,Jacob Lien
Austin Lien,Austin Lien
David Wenzel,David Wenzel
Brian Schoenrock,Brian Schoenrock
Michael Jordan,Michael Jordan
Pete Carr,Pete Carr
Neal Hanke,Neal Hanke
Jesse Bolton,Jesse Bolton
Dan Hunt,Dan Hunt
Mike Petersen,Mike Petersen
Caball L,Luis Caballero
Tristan Grovender,Tristan Grovender
Abramo L,Abramo L
Heid N,Nick Heid
Brett Sullivan,Brett Sullivan
Tony Poletto,Tony Poletto
Collom D,Danny Collom
Nihal Bhakta,Nihal Bhakta
James Kittlesen,Jimmy Kittlesen
John Groess,John Groess
Peter Schmitt,Peter Schmitt
Brandon Matis,Brandon Matis
A-K Ian,Ian Andre-Knudsen
Ethan Levine,Ethan Levine
Josef Van Kan,Josef Van Kan
Carlos Wolle,Carlos Wolle
Austin Lee,Austin Lee
Patrick Cashman,Patrick Cashman
Sam Reis,Sam Reis
Samuel Reis,Sam Reis
Charlie Schuweiler,Charlie Schuweiler
Cashma P,Cashma P
Kiyoi M,Michael Kiyoi
Oettin D,Dan Oettinger
Forbes J,Joe Forbes
Bellin D,Dan Bellinger
Johns C,Cody Johns
Melo E,Ed Melo
Elboge M,Mark Elbogen
Carneg H,Husayn Carnegie
McDoug S,Sean McDougall
Chiles I,Ian Chiles
Nguyen B,Bryan Nguyen
Steine M,Mitchell Steiner
Corbet H,Hunter Corbett
Silver J,Jeff Silverman
Warden N,Nate Warden
Schakn Z,Zach Schakner
Pebley A,Andrew Pebley
Chang S,Steven Chang
Evans S,Simon Evans
Baumer J,Jacob Baumer
Lissne E,Eric Lissner
Bacon T,Tyler Bacon
Carlis S,Stephane Carslisle
Lai A,Allen Lai
Smeltzer,Daniel Smeltzer
Boyd G,Grant Boyd
Theodo Z,Theodo Z
Alexan N,Alexan N
Husak G,Husak G
McCrae A,McCrae A
Kyle Cox,Kyle Cox
Toine A,An Toine
Ventur B,Brian Ventura
Vander B,Blake Vanderbush- IR
Plew K,Keenan Plew
Brock C,Cam Brock
David Valentine-Elam,David Valentine-Elam
Joey Cari,Joey Cari
Dane Lockhart,Dane Lockhart
Jared Payne,Jared Payne
Luke Broderick,Luke Broderick
Naji S,Steven Naji
Yoder J,Jason Yoder
Levi Jacobs,Levi Jacobs
Ben Gerroll,Ben Gerroll
Hutton A,Alex Hutton
Steve Hightshue,Steve Hightshue
Will Drumwright,Will Drumwright
Cheek J,Jason Cheek
Gross R,Rick Gross
Hutton N,Nick Hutton
Peter Carleton,Peter Carleton
Carpen T,Travis Carpenter
Eric Johnson,Eric Johnson
Loscar S,Spencer Loscar
Robert Stasi,Robert Stasi
Dan Butler,Dan Butler
Donovan Triplett,Donovan Triplett
Page N,Nate Page
Cecil J,John Cecil
Young L,Young L
Aaron Schwartz,Aaron Schwartz
Ames M,Ames M
Steine C,Steine C
Ringwo C,Ringwo C
Hans Rasmussen,Hans Rasmussen
Zach Maynard,Zach Maynard
Hights S,Hights S
Jarvis R,Jarvis R
Dehnbo M,Dehnbo M
Todd Hershberger,Todd Hershberger
Bryan Bush,Bryan Bush
Andrew Lucarotti,Andrew Lucarotti
Danny Hunt,Danny Hunt
Aaron Del Real,Aaron Del Real
Chris Auman,Chris Auman
Alex Hunt,Alex Hunt
Ben Murphy,Ben Murphy
Alex Gilson,Alex Gilson
Kevin Coulter,Kevin Coulter
Marc Soldini,Marc Soldini
Wasdi Grimaldo Barrero,Wasdi Grimaldo Barrero
Jared Saltsman,Jared Saltsman
Patrick Krantz,Patrick Krantz
Mark Sandberg,Mark Sandberg
Matthew Perdulla,Matthew Perdulla
Souichi Terada,Souichi Terada
Channing Watson,Channing Watson
Gerald Chizmadia,Gerald Chizmadia
Scott Sottosanti,Scott Sottosanti
Eric Hubbard,Eric Hubbard
Joseph Besser,Joseph Besser
Brian Jager,Brian Jager
Kirk Kuespert,Kirk Kuespert
Dafeng Chen,Dafeng Chen
Takashi Sato,Takashi Sato
Beards E,Ethan Beardsley
Brenen C,Chris Brenenborg
DeAmic J,Jon DeAmicis
DeGiro T,Tyler DeGirolamo
Delgad F,Felipe Delgado
Dulabo R,Rob Dulabon
Earles P,Patrick Earles
Fedore M,Mark Fedorenko
Greeno J,James Greeno
Haser N,Nick Haser
Kaczma N,Nick Kaczmarek
Mast J,Jonathan Mast
Mogiel S,Steve Mogielski
Pannon M,Mike Pannone
RaniiD M,Marcus Ranii-Dropcho
Repper A,Anson Reppermund
Saul I,Isaac Saul
Schure S,Sam Schurer
Sheppa M,Max Sheppard
Thomas B,Brandon Thomas
Thorne A,Alex Thorne
Trimbl S,Scott Trimble
VanNes M,Michael Van Ness
Vatz D,David Vatz
Watson A,Aaron Watson
Wissel T,Tad Wissel
Hritz M,Hritz M
"Thorn, M","Thorn, M"
Shultz D,Shultz D
Thorne M,Thorne M
Zarobi E,Zarobi E
Bechis D,Bechis D
Slevin J,Slevin J
Pitts C,Pitts C
Matt Auletta,Matt Auletta
Joe Babbino,Joe Babbino
Matt Baum,Matt Baum
Eliot Bemis,Eliot Bemis
Taylor Brooks,Taylor Brooks
Isaiah Bryant,Isaiah Bryant
Gary Dixon,Gary Dixon
Mike Drost,Mike Drost
Ryan Drost,Ryan Drost
Timmer Farrell,Timmer Farrell
Ben Ivers,Ben Ivers
Billy Katz,Billy Katz
Matt LeMar,Matt LeMar
Jack Marsh,Jack Marsh
Brian McLaughlin,Brian McLaughlin
Kamil Skwarek,Kamil Skwarek
Zach Smith,Zack Smith
Matt Stevens,Matt Stevens
Sam Taylor,Sam Taylor
Ross Ward,Ross Ward
Matt Weiner,Matt Wiener
Andrew Wilkes,Andrew Wilkes
Lionel Wininger,Lionel Wininger
Ruo Ye,Ruo Ye
Ignacio Yz,Ignacio Yz
Snyder M,Snyder M
Joe Ouellette,Joe Ouellette
Flint J,Flint J
Ludwig K,Ludwig K
Brendan Awerbuch,Brendan Awerbuch
Ian Guerin,Ian Guerin
CharlesB,Charles Bariteau
Yoland C,Yoland Cabot
Gus C,Gustavo Castaño
J-L C,Jean-Levy Champagne
Felix D,Félix-Antoine Daigle
Nathan D,Nathan Dandurand
AntoineG,Antoine Genest
Kevin Gr,Kevin Groulx
Kevin Gu,Kévin Guillemette
Max G,Max Guy
F-X H,François-Xavier Hotte
Vince H,Vincent Houle
Simon L,Simon-Philippe Lebel
AntoineL,Antoine Lepagnol
Lepagnol,Antoine Lepagnol
Frank M,Francis Martel
Chris M,Christian Mathieu
Gab M,Gabriel #Monfette
Ray N,Raynald Nemours
Fred P,Frédérick Parenteau
J-P R,Jean-Philippe Riopel
Oli S,Olivier St Denis
Eric S,Eric St-Amant
Shawn S,Shawn St-Jean Timmins
Phil T,Philippe Thivierge
Nic V,Nicolas Vanasse
Arsene A,André Arsenault
Ced A. B,Cédric Aubut-Boucher
Aubut,Cédric Aubut-Boucher
Aubut C,Cédric Aubut-Boucher
Thomas Duplaix,Thomas Duplaix
Miguel Goderre,Miguel Goderre
Hendriks,Charles-David Hendriks
Henri Krissian,Henri Krissian
Basile Limoges,Basile Limoges
Thomas McAlear,Thomas McAlear
Moore,Greg Moore
GregM,Greg Moore
Hugo Paré,Hugo Paré
LP,LP
Bago,Bago
Jones M.,Michael Jones
Carroll,Andrew Carroll
Bradford,Liam Bradford
Yue,Yue
Armitage,Steve Armitage
Henry T.,Trevor Henry
Kotwa T.,Taylor Kotwa
Ojo R.,Remi Ojo
Martin J,Jonathan Martin
Vlahos A,Alex Vlahos
Hau J.,Jacky Hau
Watanabe,Phil Watanabe 
Masek Ke,Isaiah Masek Kelly
Vasilyev,Anatoly Vasilyev
McKnight,Thomson McKnight
Lindquis,Jeff Lindquist
Powell G,Geoffrey Powell
Watts A.,Andrew Watts
Hirst N.,Nathan Hirst
Harrison,Gord Harrison 
Kubinec,Andy Kubinec
Raina,Sachin Raina
Mostaghi,Nima Mostaghimi
Yearwood,Adrian Yearwood
Lloyd M.,Mark Lloyd
Harris C,Cameron Harris
Meron J,Jaret Meron
Mackenzi,Mackenzi
Kyle Wolf,Kyle Wolf
Charles Weinberg,Charles Weinberg
Brian McAloon,Brian McAloon
Rob Allan,Rob Allan
Grant Franke,Grant Franke
Brian Magerr,Brian Magerr
Tom Allen,Tom Allen
Sam Peezick,Sam Peezick
Ethan Fortin,Ethan Fortin
Charles Harrity,Charles Harrity
Nick Patel,Nick Patel
Jared Seyler,Jared Seyler
Matt Michelson,Matt Michelson
Anthony Bushek,Anthony Bushek
Jake Doyle,Jake Doyle
Steve Ng,Stephen Ng
Stephen Rosso,Stephen Rosso
Casey Startzell,Casey Startzell
Samuel Esser,Samuel Esser
Jonathan Holloway,Jonathan Holloway
Jonathan Palumbo,Jonathan Palumbo
Alex Lowy,Alex Lowy
Johnny Sisto,Johnny Sisto
Elliott Lamborn,Elliott Lamborn
Ryan Forster,Ryan Forster
Austin Bonelli,Austin Bonelli
Sam Morgan,Samuel Morgan
Ryan Weaver,Ryan Weaver
Andrew Misthos,Andrew Misthos
Adam Goldberg,Adam Goldberg
Eric Lu,Eric Lu
Zack Eskin,Zack Eskin
Brian Williams,Brian Williams
David Hampson,David Hampson
Sean Mott,Sean Mott
Ethan Peck,Ethan Peck
Jimmy O'Connell,Jimmy O'Connell
Colin Kochenash,Colin Kochenash
Aaron Roberts,Aaron Roberts
Eric Nardelli,Eric Nardelli
Nick Boucher,Nick Boucher
Jeremy Hill,Jeremy Hill
Brando,Brando
Harrison Schwartzer,Harrison Schwarzer
Mathew Berg,Mathew Berg
Jordan McGregor,Jordan McGregor
Kielan Way,Kielan Way
David Janssen,David Janssen
Derek Alexander,Derek Alexander
Ken Alexander,Ken Alexander
Matthew Hogel,Matt Hogel
Andy Corey,Andy Corey
Mike Lee,Mike Lee
Rob Schmidt,Robert Schmidt
Laurent Loiseau,Laurent Loiseau
Mat Goodkey,Mat Goodkey
Leon Forest-Nault,Leon Forest-Nault
Bryce Ring,Bryce Ring
Paul Renaud,Paul Renaud
Colin Froats,Colin Froats
Alec Arsenault,Alec Arsenault
Lance Blackstock,Lance Blackstock
Colin Green,Colin Green
John Haig,John Haig
Andrew Ouchterlony,Andrew Ouchtecheny
Pete Proulx,Pete Proulx
Kinley Gee,Kinley Gee
Dan Turcotte,Dan Turcotte
Karl Loiseau,Karl Loiseau
Nick Boucher,Nick Boucher
Jeremy Hill,Jeremy Hill
Luke Phelan,Luke Phelan
Scott Westwell,Scott Westwell
Schrin S,Scott Schriner
Kieran Kelly,Kieran Kelly
Eddie Mack,Eddie Mack
Cody Fox,Cody Fox
Tim Settles,Tim Settles
Corey Hardesty,Corey Hardesty
Gus Misleh,Gus Misleh
Kyle Rom,Kyle Romard   
Darin Graves,Darin Graves
Will Huffer,Will Huffer
Kegan Carroll,Kegan Carroll
Dan Latz,Dan Latz      
Nick Wetzel,Nick Wetzel   
Keegan North,Keegan North
Dinan,Grant Dinan   
Greg,Greg Dinan    
Justin Latz,Justin Latz
Eric Brinkman,Eric Brinkman
Nick Bissonnette,Nicholas Bissonnette
Stephen Moore,Stephen Moore
Isaac Jeffries,Isaac Jeffries
Zach Kaylor,Zach Kaylor
Ben Jansen,Ben Jansen
Colin Cartney,Collin McCartney
Colin Grandon,Colin Grandon
Sage Ben,Benjamin Sage
Sage,Benjamin Sage
Ted Landis,Ted Landis
Dylan Elder,Dylan Elder
T Phil,Tom Phillips
Russo,Russo
Justin Goodman,Justin Goodman
Nick Lance,Nick Lance
Steven Milardovich,Steven Milardovich
Dominic Leggio,Dom Leggio
Ross Lenta,Ross Lenta
Ben Clark,Ben Clark
Will Griffin,Will Griffin
Kyle Olson,Kyle Olson
Nathan Bridges,Nathan Bridges
Kory Helms,Kory Helms
Joshua Ackley,Josh Ackley
Cody Kirkland,Cody Kirkland
Jimmy Mickle,Jimmy Mickle
David Flock,David Flock
Casey Wu,Casey Wu
Ryan Slaughter,Ryan Slaughter
Alec Benton,Alec Benton
Andy Sammons,Andy Sammons
Andy Curtis,Andy Curtis
Josh Nickerson,Josh Nickerson
Nicholas Smith,Nick Smith
Matt Parisi,Matt Parisi
Trevor Purdy,Trevor Purdy
Kurt Gibson,Kurt Gibson
Travis Dunn,Travis Dunn
Jesse Cohen,Jesse Cohen
Nicholas Woo VonHoogens,Nick Woo VonHoogenstyn
Michael Bevers,Michael Bevers
Kevin Stuart,Kevin Stuart
Mitchell Dozzi-Daigle,Mitchell Dozzi-Daigle
Josh Tan,Joshua Tan
John Norris,John Norris
Andre Gailits,Andre Gailits
Kevin Lore,Kevin Lore
Nick Menzies,Nick Menzies
Gagan Chatha,Gagan Chatha
Darren Wu,Darren Wu
MeFadyen Connor,Connor McFadyen
Tim Tsang,Tim Tsang
Max Hunter,Max Hunter
Richie Tam,Richie Tam
Fred Lam,Fred Lam
Peter Yu,Peter Yu
Alex Davis,Alex Davis
Ryan Lee,Ryan Lee
Clement Yip,Clement Yip
Myles Sinclair,Myles Sinclair
Malcolm Bryson,Malcolm Bryson
Brian Baker,Brian Baker
Marc Leduc,Mark Leduc
Bellav J,Joel Bellavance
Rumi Tejpar,Rumi Tejpar
Derek Fenton,Derek Fenton
Brett Anderson,Brett Anderson
Kevin Underhill,Kevin Underhill
Edward Guo,Edward Guo
Ryan Sun,Ryan Sun
Kevin Cocks,Kevin Cocks
Justin Norden,Justin Norden
Simon Higgins,Simon Higgins
Matthew Crawford,Matthew Crawford
Chuck Cao,Chuck Cao
Russell Wynne,Russell Wynne
Cassidy Rasmussen,Cassidy Rasmussen
Sonny Zaccaro,Sonny Zaccaro
Matthew Natali,Matthew Natali
Sean Ham,Sean Ham
Tyler Grant,Tyler Grant
Brett Petersen,Brett Petersen
Greg Cohen,Greg Cohen
Seth Reinhardt,Seth Reinhardt
Marcelo Sanchez,Marcelo Sanchez
Ashlin Joye,Ashlin Joye
Jordan Marcy,Jordan Marcy
Beau Kittredge,Beau Kittredge
Kevin Smith,Kevin Smith
Kelly Van Arsdale,Kelly Van Arsdale
Chris Farina,Chris Farina
Scott Roeder,Scott Roeder
Ariel Klevecz,Ariel Klevecz
Ethan Falat,Ethan Falat
Lucas Dillow,Lucas Dillow
Matt Jaffe,Matt Jaffe
Xtian Guerrero,Xtian Guerrero
Christian Johnson,Christian Johnson
Adam Brown,Adam Brown
Bouche E,Boucher Evan
Boucher,Boucher Evan
Rico Chialvo,Rico Chialvo
Sam C-K,Sam Chatterton-Kirchmeier
Lucas Dallmann,Lucas Dallmann
Brandon Fein,Brandon Fein
Robert Gormley,Robert Gormley
Greenb J,Greenb J
Ben Hubbard,Ben Hubbard
Casey Ikeda,Casey Ikeda
Jordan Jeffery,Jordan Jeffery
Eli Janin,Eli Janin
Eli Kerns,Eli Kerns
Henry Konker,Henry Konker
Kawaok R,Kawaok R
Taylor Lahey,Taylor Lahey
Barrs Lang,Barrs Lang
Patrick Lahey,Patrick Lahey
Greg Marliave,Greg Marliave
Bob Madden,Bob Madden
Clay Miller,Clay Miller
Alex Nord,Alex Nord
Daniel Naruo,Daniel Naruo
Zach Purdy,Zach Purdy
Adam Raty,Adam Raty
Aaron Richards,Aaron Richards
Nick Slovan,Nick Slovan
Alec Surmani,Alec Surmani
Sam Swink,Sam Swink
Kohji Sugioka,Kohji Sugioka
Lucas Young,Lucas Young
Jason Yun,Jason Yun
Zubair Abdulla,Zubair Abdulla
Von Alanguilan,Von Alanguilan
Alex Drlica-Wagner,Alex Drlica-Wagner
Tim Fergus,Tim Fergus 
Cullen Geppert,Cullen Geppert 
Jonathan Helton,"Jonathan ""Goose"" Helton "
Patrick Kaufmann,Patrick Kaufmann   
Adrian King,Adrian King
Bob Liu,Bob Liu
Brett Matzuka,Brett Matzuka  
Dan Miller,Dan Miller 
AJ Nelson,AJ Nelson   
Neil Phelps,Neal Phelps
Brian Rathunde,Brian Rathunde 
Jimmy Robin,Jimmy Robin
Jeff Robinson,Jeff Robinson  
James Roush,James Roush
Alex Rummelhart,Alex Rummelhart
Andrew Sheehan,Andrew Sheehan 
Max Shepard,Max Shepherd   
Jack Shey,Jack Shey  
Brodie Smith,Brodie Smith   
Ryan Smith,Ryan Smith 
Matt Stegemann,Matt Stegemann 
Josh Stevens-Stein,Josh Stevens-Stein 
Dan Vockeroth,Dan Vockeroth  
Rory,Rory
Mike Shiel,Mike Shiel
Silver,Silver
Mike Egan,Mike Egan
J Silver,J Silver
John Best,John Best
Matt Bode,Matt Bode
Jared Brody,Jared Brody
Bryce Carleton,Bryce Carleton
Ryan Chard,Ryan Chard
Andrew Carleton,Andrew Carleton
Travis Catron,Travis Catron
Brett Egger,Brett Egger
Mischa Freystaetter,Mischa Freystaetter
Zach Floyd,Zach Floyd
Elijah Grady,Elijah Grady
Alton Gaines,Alton Gaines
Lars Hanselman,Lars Hanselman
Michael Hickson,Michael Hickson
Nick Hunter,Nick Hunter
Stephen Ierardi,Stephen Ierardi
Dan Jakob,Dan Jakob
Jeremy Langdon,Jeremy Langdon
Larocque,Chris LaRocque
Corey McCall,Corey McCall
McKelvey,Andrew McKelvey
Mi Bode,Mike Bode
Brandon Perales,Brandon Perales
Patterso,Patterso
Poulos,Stephen Poulos
Andrew Roca,Andrew Roca
Bradley Seuntjens,Bradley Seuntjens
Josh Shepard,Josh Shepard
Cole Sullivan,Cole Sullivan
Dustin Travaglini,Dustin Travaglini
Avery Van Brussel,Avery Van Brussel
Jeff Walker,Jeff Walker
Wharton,William Wharton
David B,David Berg
Troy H,Troy Holland
David BK,David Boylan-Kolchin
Brad S,Brad Scott
Peter M ,Peter Mancini
Ben Feng,Ben Feng
Mark F,Mark Flores
Jarnai B,Jarnail Bajwa
Jim Boley,Jim Boley
Russ H,Russell Howd
Nico Lake,Nico Lake
Glenn P,Glenn Poole
Leo Pepper,Leo Pepper
Mike M,Michael Moses
Matt R ,Matt Radhe
Antoine,Antoine Davis
Bryant D,Bryant Dean
Kyle K,Kyle Khalifa
Clay C,Clay Collins
Zach B,Zach Branson
Andrew A,Andrew Allen
Chip C,Chip Cobb
Anthony Mclean,Anthony Mclean
Alex Jacoski,AJ Jacoski
Franci H,Francisco Hazera
Seth C,Seth Collins
Peter A,Peter Anderson
Jon P,Jon Pressimone
Matt K,Matt Kerrigan
Daniel S,Dan Selwyn
Jack K,JACK KRIEGER
R Runner,ROBERT RUNNER
Matt K.,MATT KNOWLES
Archie,RYAN ARCHIBALD
J Clark,JAY CLARK
B. Liu,BYRON LIU
Kyle S,KYLE STAPLETON
Allan Laviolette,ALLAN LAVIOLETTE
B. Moore,BRIAN MOORE
F Wooten,FRANK WOOTEN
J Feng,JOSH FENG
A Olsen,ANDERS OLSEN
R James,RYAN JAMES
M Spear,MICHAEL SPEAR
M. Poole,MARK POOLE
S Sears,SEAN SEARS
Sun Choi,SUN CHOI
C. Olsen,CHRISTIAN OLSEN
RBradham,ROBERT BRADHAM
Matt S,MATT SMITH
THaskell,TYLER HASKELL
Breault,BEN BREAULT
RSimmons,RYAN SIMMONS
D Cox,DEVIN COX
Sebbi D,SEBBI DI FRANCESCO
B Hannah,BLAKE HANNAH
S. Hicks,STEVEN HICKS
Dylan T,DYLAN TUNNELL
T Spinks,TRENTON SPINKS
TGoforth,TAYLOR GOFORTH
Boezi,Boezi
Matt Gallin,"Matt ""Slater"" Gallin"
Andy Barnhart,Andy Barnhart
Kevin Terry,Kevin Terry
Blake Waldron,Blake Waldron
Bryan Sansbury,Bryan Sansbury
Chase Hammond,Chase Hammond
David Trett,David Trett
Eric Williams,Eric Williams
Frank Strasser,Frank Strasser
Jason Chow,Jason Chow
Javier Ortiz,Javier Ortiz
John Carden,John Carden
Jordan Bates,Jordan Bates
Josh Moore,Josh Moore
Mike Dayton,Mike Dayton
Nick Peppers,Nick Peppers
Paul Lally,Paul Lally
Ross Markle,Ross Markle
Tom Radcliffe,Tom Radcliffe
Tony Heath,Tony Heath
Victor Wu,Victor Wu
Tyler Conger,Tyler Conger
Tony Cain,Tony Cain
Dan Reed,Dan Reed
Mac McClellan,Mac McClellan
Will Hannon,Will Hannon
Jake Wright,Jake Wright
Ken Porter,Ken Porter
Mason Gardner,Mason Gardner
Charlie Muniz,Charles Muniz
Ryan Schanz,Ryan Shanz
Sean Kelley,Sean Kelley
Dan Schopler,Daniel Schopler
Dylan Welchman,Dylan Welchman
Sam Lee,Sam Lee
Zach Saffa,Zachary Saffa
Graham Whittington,Graham Whittington
Evan Howey,Evan Howey
Shane Sisco,Shane Sisco
Jeff Nordgren,Jeff Nordgren
Matt Glenn,Matt Glenn
McCall S,Sean McCall
Eric Olson,Eric Olson
Micah Hood,Micah Hood
Adam Russell,Adam Russell
Kyle Silva,Kyle Silva
Andrew Gruninger,Andrew Gruninger
Lieber J,Jesse Lieberman
Jon Stone,Jon Stone
Ed Fox,Ed Fox
Ethan Burns,Ethan Burns
Mick Stukes,Mick Stukes
Adam Bostian,Adam Bostian
Ian Barry,Ian Barry
Chad Gerber,Chad Gerber
Sam Fontaine,Sam Fontaine
Christopher Johnson,Christopher Johnson
Justin Allen,Justin Allen
Mike Moore,Mike Moore
Hastin J,JD Hastings
Roy Matthews,Roy Matthews
Taylor Pope,Taylor Pope
Ben Dieter,Ben Dieter
Nether J,Jon Nethercutt
Terrence Mitchell,Terrence Mitchell
Michael Zhou,Michael Zhou
Jarrett Bowen,Jarrett Bowen
Dennis Tarasi,Dennis Tarasi
Robert Goode,Robert Goode
Andrew Ryan,Andrew Ryan
Taylor H,Hunter Taylor
Michael Neve,Michael Neve
CJ Colicchio,CJ Colicchio
Brian Clark,Brian Clark
Dave Snoke,Dave Snoke
Jake McGoogan,Jake McGoogan
Drew Chandler,Drew Chandler
Joey Cretella,Joey Cretella
Brian Casey,Brian Casey
Jake Coleman,Jake Coleman
Noah Saul,Noah Saul
Sam Cooper,Sam Cooper
Willia J,Jack Williams
Mark Stumpf,Mark Stumpf
Lin M,Mark Lin
Tristan Green,Tristan Green
Jessi J,Jessi Jones
McAlis T,Tim McAllister
Stephen Bender,Stephen Bender
Snell B,Ben Snell
Maxsta X,Xavier Maxstadt
David Richardson,David Richardson
Josh Hartzog,Josh Hartzog
Stephen Poulos,Stephen Poulos
Weeks P,Weeks P
Simon A,Adam Simon
Lenon A,Aly Lenon
Fox B,Bryson Uhrig Fox
Karlin D,Danny Karlinsky
Clark D,Donnie Clark
Linn D,Duncan Linn
Zukows G,Grant Zukowski
Speide J,Jacob Speidel
Sefton J,Joe BJ Sefton
Stacey J ,Jonny Stacey
Hausma J,Julian Hausman
O'Brie M,Mario O'Brien
Rehder M,Matt Rehder
Cavana M,Mike Cavanaugh
Cavan M,Mike Cavanaugh
Hirnin N,Nick Hirning
Murray P,Phil Murray
Illian R,Ray Illian
Koss R,Reid Koss
Robbie Farwell,Robbie Farwell
Sam Cook,Sam Cook
Sam Harkness,Sam Harkness
Hart S,Sam Hart
Wallis S,Spencer Wallis
Steven Benaloh,Steven Benaloh
Rosatt M,Tom Rosatto
Kinley T,Tyler Kinley
Chen W,Will Chen
Will Herold,Will Herold
Rankin Z,Zane Rankin
Titcom V,Titcom V
TitcombX,TitcombX
TitcombX,Titcomb
Chen D,Chen D
Caldwell,Caldwell M 
Barich F,Barich F
Lehman S,Lehman S
Lim J,Lim
Russel M,Russel M
Uhrig F B,Uhrig F B
Weiss L,Weiss L