mike pannone,6
paul lally,19
jacob baumer,2
leo pepper,1
russell wynne,2
sean mott,31
kevin brown,1
glenn poole,1
brian moore,5
nick haser,4
kegan carroll,6
nick lance,32
andrew roca,4
marcelo sanchez,8
alex nord,5
eric lissner,1
steve mogielski,20
husayn carnegie,44
greg cohen,12
chris larocque,20
steve armitage,21
scott richgels,12
david berg,16
trevor purdy,1
bob liu,5
dan bellinger,6
tom allen,3
tyler degirolamo,62
simon higgins,9
jeff silverman,4
keenan plew,5
keegan north,1
tyler kinley,3
mason gardner,3
david janssen,1
matt rehder,10
jarnail bajwa,1
jimmy mickle,74
micah hood,16
casey wu,22
andy barnhart,10
mark lloyd,1
tim debyl,22
kurt gibson,12
jesse bolton,16
matt smith,80
colin grandon,47
gus misleh,2
brett petersen,16
beau kittredge,159
derek alexander,15
brian hart,18
rick gross,4
justin norden,2
anthony mclean,8
pat shriwise,38
michael jordan,1
isaiah masek kelly,2
cj colicchio,2
jay clark,32
steven milardovich,2
aj jacoski,2
matt kerrigan,2
justin allen,59
john cecil,25
eli janin,19
andrew allen,2
carlos wolle,18
darren wu,28
xtian guerrero,3
josh moore,11
alex thorne,20
stephen poulos,2
jeff lindquist,24
jessi jones,13
antoine genest,3
justin goodman,4
ashlin joye,27
daniel naruo,1
jack marsh,4
dennis tarasi,1
kevin smith,4
brodie smith   ,190
ed fox,51
zane rankin,9
isaac jeffries,4
mischa freystaetter,5
nick wetzel   ,3
kevin underhill,3
aj nelson   ,17
greg moore,3
aaron roberts,7
kelly van arsdale,1
ross ward,1
bryant dean,4
matt bode,2
ken porter,10
jeff nordgren,9
ryan simmons,32
max sheppard,19
sean mccall,51
kevin groulx,1
sonny zaccaro,10
jay froude ,13
donnie clark,19
eddie mack,1
andrew meshnick,51
nick hutton,35
brett matzuka  ,16
scott schriner,2
