pti,Pti
rainaguila,Rain Aguila
markhamshofner,Markham
mmj_royalblue,Mark Male Jr
floridaunited,Florida United
mcmubria,Brian Mcmullen
sinthefields,Sinthefields
blackmanulti,Blackman Hs Ultimate
vikings,Minnesota Vikings
dymongoose,Andy Stevens
verdadzampini,Denise ♡
dameshek,Dave Dameshek
tdebyl,Tim Debyl
cltultimate,Charlotte Ultimate
frisbeetraining,Frisbee Training
sportslogosnet,Chris Creamer
ultiworldlive,Ultiworld Live
brianspanner1,Brian Spannerovitch
mindyrad08,Mindy
droughnecks,Dallas Roughnecks
ajnelson,Adam Nelson
blardo11,Steven M.
gehultimate,Buffalo Ultimate
kinleygee,Kinley Gee
ultiproblems,Ultimate Problems
liltunechi,Lil Wayne Weezy F
core_ultimate,Slocore
roc_dragons,Rochester Dragons
ringjustinallen,Justin Allen
isaiahtmk,Isaiah Masek-Kelly
vivaultimate,Viva Ultimate
winchestergavin,Gavin Winchester
rbirchard,Ryan Birchard
madu_tweets,ℳᎯℛᏣᏫ
twins,Minnesota Twins
therushtache,The Rushtache
thejjanas,Jonathan Janas
a_derbs,Abi Derbyshire
aucoinderek,Derek Aucoin
phillyspinners,Philly Spinners
spreaker,Spreaker
dos18,Carlos Wolle
sportscenter,Sportscenter
ceisenhood,Charlie Eisenhood
danielarancibia,Daniel Arancibia
2chainz,Tity Boi (2 Chainz)
whiteehh,Josh Macdonald
geoff_poster,Geoff Poster
sher_ulti_luv,Sнεг
thathiker,John Stephens
bryanrwalsh,Bryan Walsh
jordanspieth,Jordan Spieth
nathansims13,Nathan Sims
madisonradicals,Madison Radicals
byjohnphillips,John Phillips
bruleigh,Kevin Bruleigh
topsathletics,Tops Athletics
zdotb4,Zach Braun
eagles,Philadelphia Eagles
local12,Local 12/Wkrc-Tv
sambrichards,Sam Richards
outlawsaudl,Ottawa Outlaws
itslopezhere,Christian Lopez
krysrykar17,Krys Reynolds
78amz,Amz
morrillperform,Morrill Performance
espnmcgee,Ryan Mcgee
kdubsultimate,Kyle Weisbrod
haymakeraustin,Haymaker
brodiesmith,Brodie Smith
motivachiros,Motiva Chiropractic
tsn_sports,Tsn
cltexpress,Charlotte Express
chucktownnow,Chuck Town
mr_colicchio,Mr. C
selectpt,Selectprivatetravel
mad,Frank Paul
thedcbreeze,Dc Breeze
kickstarted,You Kickstarted Me
beaukittredge,Beau Kittredge
misses_valle,Valérie⛅
jimmyfallon,Jimmy Fallon
tcarp37,Travis M. Carpenter
jukeboxfleming,Fleming
realjasonstru,J.S.
sjearthquakes,San Jose Earthquakes
jbajwa1,Jarnail Bajwa
tylerdegirolamo,Tyler Degirolamo
jayfroude,Jay Froude
joshmullen3,Josh Mullen
cutcamps,Cut Camp
ericultimate,E.R.I.C.
larocque18,Chris Larocque
roblloydrush,Rob Lloyd
bender_talks,Things Bender Says
jbaumer42,Jacob Baumer
no_look_scoober,Bryan Jones
mccadep8,Elder(Mccade)Pearson
mkbhd,Marques Brownlee
espn3,Espn3
ameshnick,Andrew Meshnick
thedccurrent,Dc Current
blatzblatzblatz,John Blatz
nicknaknr111,Whyi
unicornonmoon,Moonwalking Unicorn
evanlepler,Evan Lepler
f_go,Steve Kotvis
ejealous,Elliott
raleigh_flyers,Raleighflyers
pshriwise,Patrick Shriwise
kegan_carroll18,Kegan Carroll #18
nycpul,Ultimate Frisbee
jonathanfmiller,Jonathan F Miller
paudashskier,Steve Armitage
withoutgravitas,"Black Cat, Your Path"
amandabootes,Amanda Bootes
jlwoj,Jason Wojciechowski
montrealroyal,Royal De Montréal
ultiphotos,Ultiphotos
ultimategav,Gavin Sing
will_boling,Will Boling
markfed07,Mark
scottearmitage,Scott Armitage
totalmls,Total Mls
maxpowerulti,Max Power Ultimate
se_roc,Josh Fleming Hyde
nicdarling,Nic Darling
dustweetrhodes,Dusty.Rhodes
joesmash21,Joseph Anderson
megindy1,Meg & Associates
dickandsauce,Tad Wissel
espnassigndesk,Espnassignmentdesk
ireenaj,Ireena Jalandoni
obj_3,Odell Beckham Jr
nshfans,Nightwatch Nation
fobbymaster,Caleb Tseng
lagalaxy,La Galaxy
prideofny,Pony Frisbee Team
vcultimate,Vc Ultimate
think_inclusive,Think Inclusive
brodiesmith21,Brodie Smith
imyellintimmer,Timmer
pghthunderbirds,Pgh Thunderbirds
bwwings,Buffalo Wild Wings
ijeffries46,Isaac Jeffries
mldouglass,Matthew Douglass
bostonwhitecaps,The Boston Whitecaps
j513bird,Pilgrim Errant
nextspacesf,Nextspace Sf
seamenultimate,Seamen Ultimate
ias_sharks,Iasmyrna
foxsports1desk,Fs1 News Desk
fulcrumpro,Fulcrum Media Group
ulti_world,Ultiworld
radicals12,Scott Richgels
vanehtan,Vanessa Tan
usaultimate,Usa Ultimate
cltexgameday,#Cltex Live
rcrotty215,Ryan Crotty
z_j_smith,Zack Smith
gwenambler,Gwen Ambler
leaflitmovies,Leaf Warren
veneeze25,Michael Venezia
whitlockjason,Jason Whitlock
sagebroj,Aj Jacoski
caitlincm,Caitlincm
bandtogethernc,Band Together Nc
meagles000,Meagles Tormey
semiproultimate,Nathan Jesson
bamasecs,Bama Secs
warriors,Golden St. Warriors
fredoniault,Terrifying Turtles
ndiorio34,Nick Diorio
sandycanetti,Sandy Canetti
alankolick,Alan Kolick
cltxult,Charlotte Storm
theaudl,Audl
laaviators,Los Angeles Aviators
phillypatrol,Philadelphia Patrol
keenanplew,Keenan Plew
reddit_ultimate,Reddit:Ultimate
pdga,Pdga 
antoinedeshaies,Antoine Deshaies
morgatron8,Morgan Hibbert
supertoine39,Super Toine
emoneymack3,Eddie Mack
pghultimate,Pittsburgh Ultimate
detroitmechanix,Detroit Mechanix
nlance3,Nick Lance
seattlecascades,Seattle Cascades
sfdogfish,Sanfrancisco Dogfish
pghslagdump,Slag Dump Ultimate
portlandstags,Portland Stags
boomergvl,Boomer
immatthamlin,Matt Hamlin
cameronebrock,Cameron Brock
gritsandjazz,Husayn Carnegie
frisbeebob,808
arcticmeth,️Rob
avischlosburg,Avi
kirstenalexandr,Kirsten Taylor
gethorizontal,Get Horizontal
rollingdany,Bearface Cheek
raccoon_hands,David
mercedesturkiye,Mercedes-Benz Tr
justinjlake,Justin Jordan-Lake
phlphoenix,Philadelphia Phoenix
city_of_champs_,City Of Champions
mcsextreme,Mcs Extrême
boontc,Boon
upcallultimate,Up Call
amerigunner,Agents Of Flarrow Fc
jaxcannons,Jacksonville Cannons
dexshow,Mark Dekanich
saltlakelions,Salt Lake Lions
ri_rampage,Ri Rampage
thejimleppert,Jimmy Leppert
darrendoubleyoo,Darren Wu
indyalleycats,Indy Alleycats
jiclajoie,Jean-Charles Lajoie
searainmakers,Seattle Rainmakers
octonion,Christopher D. Long
espn,Espn
shawnmmccarthy,Shawn Mccarthy
cdoradaexplorer,Cam Cadora
lissner43,Eric Lissner
marcelluswiley,Marcellus Wiley
calebmcnaughton,Calebmcnaughton
gapoole,Glenn Poole
wrigley1218,Wrigley
ultijava,Java
hoodmicah,Micah Hood
michaelalynnd3,Michaela Davis
turnthepage51,Nate
ajnelson1,Aj Nelson
nickyb_60,Nick Bowers
timberwolves,Timberwolves
discace,Disc Ace
gusmisleh11,Gus Misleh
rodneydangerfld,Rodneydangerfield
masonrgardner2,Mason Gardner
alexrobertbill,Alex Bill
forcesportswear,Force Ultimate
boracaydragons,Boracay Dragons
nathanfletcher,Nathan Fletcher
meanmachinedfa,Mean Machine
redblacks,Ottawa Redblacks
skymonsays,Simon Higgins
usaultimateu23,Usau U23 2015
jamesrobfarris,James Farris
nuzzel,Nuzzel
periscope,Periscope
sheadyguy,Sheady
vcnighthawks,Vancouver Nighthawks
openingpull,Opening Pull
casras9,Cassidy Rasmussen
discstore,Disc Store
verobrouillard8,Veronique
dlonga97,David
cjtweetsalot,Ceej
panerabread,Panera Bread
subzeroultimate,⛄Sub Zero⛄
revolverult,Revolver Ultimate
getbiscuits,Cincinnati Ultimate
gamergripusa,Gamer Grip™
larry_n_snyder,Larry Snyder
mikewbevers,Mike Bevers
charmajeski,Gotta Go Gotta Throw
daberg21,David Berg
babyhenks,Jonathan Henkel
hogandavidp,David Hogan
120sports,120 Sports
audl,Audrey Larson
thepocketbobs,Syracuse Ultimate
mikepannone,Mike Pannone
rocadoke,Andrew Roca?
seveneighthspro,78 Productions
dude_7597,Manny Eckert
truckstopulti,Truck Stop Ultimate
playult,Play Ultimate
skydmagazine,Skyd Magazine
atxsol,Austin Sol
ringultimate,Ring Of Fire
adamhillscomedy,Adam Hills
chaseverb,Chase S.
eventbrite,Eventbrite
trumpet_love97,Destini Young
rofloespn,Robert Flores
mischief_nation,Mischief
easports,Ea Sports
yidingh,Yiding Hou
ottawacity,City Of Ottawa
thatcho,Thatcher Olson
soccerace6,Aaron Roberts
xp_thegreat,Xavier Payne
beastplains,Beast Plains
bobbygough,Robert Gough
wcwildfire,Chicago Wildfire
steamwhistle,Steam Whistle
clubjrinc,Club Jr. Inc.
firstwardjohnny,Johnny Wakefield
goose00helton,Jonathan Helton
calebdenecour,Caleb Denecour
brockuniversity,Brock University
jeffsnader,Jeffrey Snader
campagnandrea33,Andrea Campagna
independenceult,Independence Flight
jmmarsh,Jack Marsh
ethantune,Ethan Tune
usfultimate,Usf Ultimate
worildsgreatest,Jason Worilds
radnoah420,Nah
jeanbiedermann,Jeanette Biedermann
kevinstuart,Katie Sheehan
riptideaudl,Vancouverriptide
cavs,Cleveland Cavaliers
discnw,Discnw
scottschriner1,Scott Schriner
tomdbombdotcom,Tom Radcliffe
sfflamethrowers,Sf Flamethrowers
marcdanis,Marc Danis
mlapriserds,Michel Laprise
mlultimate,Mlu
nslovan,Nicholas Slovan
curavens,Carleton Ravens
torontorush,Toronto Rush
sullivanbooks,Kevin Sullivan
richdana44,Richard Dana
livelaughlime,Jimmy Mickle
avayastadium,Avaya Stadium
phxultimate,Phoenix Ultimate
downtownroc,Downtown Rochester
asjoye,Ashlin Joye
burnsideulti,Goaltimate Season
notthefakesvp,Scott Van Pelt
empireultimate,New York Empire
coolestpoulos,Stephen Poulos
sjspiders,San Jose Spiders
hoodyii,Drew Hood™
mnunitedfc,Minnesota United Fc
sludgebrown,Sludge Ultimate
730pm,Seven Thirty
kizzle00,Ken Porter
timsettles,Tim Settles
rainvillejr,Jérémie Rainville
trecistweetin,Thomas Rector
cannonsgameday,Cannons Game Day
masonultimate,Georgemason Ultimate
jimdaytv,Jim Day
atlantahustle,Atlanta Hustle
pittsbdc,Pitt Sbdc
tsnjr,John Rodenburg
tsngo,Tsngo
christophera8,Christophermas
nsh_nightwatch,Nashvillenightwatch
ektor_jr,Hh
keegannorth_23,Keegan North
fflyingdiscf,Ffdf
checkershoes,Nate Jorgensen
bigtomallen,Tom Allen
russell_wallack,Russell Wallack
jyreuuu,Jyreu Andrei
thenewsom,Chris Newsom
magnumultimate,Magnum Ultimate
edfoxcomedy,"Edfox, Secret Chimp"
fiveultimatellc,Five Ultimate
porty_chug,Peter Bender
sdgrowlers,Sd Growlers
mrclean93,Anthony Mclean
kevy_80,Kevin Groulx
washingtonpost,Washington Post
ukworlds,Uk Worlds
sdreader,San Diego Reader
creekside_high,Creekside High
urlovedetective,Love Detective
ctproultimate,Ct Constitution
spikefriedman,Spike Friedman
philthivierge,Philippe Thivierge
mollymck21,Molly Mckeon
cincinnatiusa,Travelcincinnatiusa
thehugmuffin,A Decent Guy
mnyouthultimate,Mn Youth Ultimate
ultimate_canada,Ultimate Canada
nickhaser,Nick Haser
thebuzzeronfox,Atthebuzzer
remiojojr,Remi Ojo Jr.
furyultimate,Fury Ultimate
mn_wind_chill,Minnesota Wind Chill
uncashultimate,Uncaultimate
radioanswer,Am 920 The Answer
espnstreak,Espn Streak
ias_pta,Ias Pta
sonnyzeee,Sonny Zaccaro
everythingulti,Everything Ultimate
yolandcabot,Yoland Cabot
gviewstars24,Matthew
sockeyeultimate,Seattle Sockeye
lightspeedvp,Lightspeed
fullfieldhammer,Fullfieldhammer
revolutionaudl,Cincy Revolution
angelomt,Äηgєℓð Mαя¢Єℓ †Hðmα§
ffletchersnc,Ian Fletcher
modifywatches,Modify Watches
cg_rev_76,Colin Grandon #76
youtube,Youtube
kindsnacks,Kind Snacks
land_snark,Adjustment Bureau
matt_bode79,Matt Bode
mattkerrigan223,Matt Kerrigan
